{
  "description": "Use the timestamp field in the logs.",
  "processors": [
    {
      "date": {
        "field": "timestamp",
        "target_field": "@timestamp",
        "formats": [
          "yyyy-MM-dd HH:mm:ss.SSSSSSz",
          "yyyy-MM-dd HH:mm:ss.SSSz"
        ],
        "timezone": "Etc/UTC",
        "on_failure": [
          {
            "set": {
              "field": "error",
              "value": "could not parse timestamp field"
            }
          }
        ]
      }
    }
  ]
}
