{
  "name": "coda-wallet",
  "reason": {
    "react-jsx": 3
  },
  "sources": [
    {
      "dir": "src",
      "subdirs": true
    },
    {
      "dir": "__tests__",
      "type": "dev"
    }
  ],
  "bs-dependencies": [
    "bs-electron",
    "reason-react",
    "reason-apollo",
    "bs-css",
    "tablecloth-bucklescript",
    "@glennsl/bs-json",
    "bs-react-intl"
  ],
  "bs-dev-dependencies": [
    "@glennsl/bs-jest"
  ],
  "ppx-flags": [
    "@baransu/graphql_ppx_re/ppx6"
  ],
  "bsc-flags": [
    "-bs-g"
  ],
  "warnings": {
    "number": "-48",
    "error": "+a+101-4-9-30-40-41-42-102-3-105-48"
  },
  "refmt": 3
}
