{
  "pk": "B62qoqAma1289iY1zk6mLuqzky8uL8z8SU7E1uzb5ztUgxwYNQRexSz",
  "balance": "20000.000000000",
  "delegate": "B62qoqAma1289iY1zk6mLuqzky8uL8z8SU7E1uzb5ztUgxwYNQRexSz",
  "sk": null
}
{
  "pk": "B62qmDM3GowYKMAfJkdmHB52UAzEvwzJL1Snagm5Zrr5ieuzG4sV178",
  "balance": "20000.000000000",
  "delegate": "B62qmDM3GowYKMAfJkdmHB52UAzEvwzJL1Snagm5Zrr5ieuzG4sV178",
  "sk": null
}
{
  "pk": "B62qiVDmrBRYHNufW2t23989uFRDJVbGRW5EwVXunmFicJi1TWRR5h1",
  "balance": "20000.000000000",
  "delegate": "B62qoqAma1289iY1zk6mLuqzky8uL8z8SU7E1uzb5ztUgxwYNQRexSz",
  "sk": null
}
{
  "pk": "B62qnuH2nfTgKZvfMePF3gEJzeACEKSjs5PAzmtBEYBDKk2TTm4c73q",
  "balance": "20000.000000000",
  "delegate": "B62qmDM3GowYKMAfJkdmHB52UAzEvwzJL1Snagm5Zrr5ieuzG4sV178",
  "sk": null
}
