{
  "pk": "B62qjaj2e9NXX8hx4m8qvEHivEjvyZgKqVJeeLUE2j2vwsKsQ1EEwyX",
  "balance": "66000.000000000"
}
{
  "pk": "B62qraswfERXhCEjX9YsxDA4oPsSAnd23uoqkCTpruLtxaacusmpNvL",
  "balance": "66000.000000000"
}
{
  "pk": "B62qqQw4ehFgL9oPFRid5f4zeucNVXTVG6A97Pu6TsDetPWz8PQiG5M",
  "balance": "66000.000000000"
}
{
  "pk": "B62qjaU3Lh9Sh3tvm8uXVXm4XbxRyvxzHLjPFLXkf1FnXMr4UE9woYe",
  "balance": "66000.000000000"
}
{
  "pk": "B62qqBr9XuJme6YxbbUPeJ4LBsHQUzqVPjA6mmngi7M49jPfKL46wGc",
  "balance": "66000.000000000"
}
{
  "pk": "B62qpvBjCMyZMZwYdL5NGsAd5sDgjU84Vw6sw3utXjAfztdf7XgDcWd",
  "balance": "66000.000000000"
}
{
  "pk": "B62qqp7gJYx1tDz63ogqhNGWfuVj5bZeWaB5GU4gTdpZviRrTe9uoep",
  "balance": "66000.000000000"
}
{
  "pk": "B62qosafHHqRgMvJ295nP578ziDanJiK2jPNeonnknPiLXZpVzZAtMJ",
  "balance": "66000.000000000"
}
{
  "pk": "B62qmYGnagUwQyPZiCc6CtVw1NX6WaHmoQYkpnUD1zbEf8ZRnD1in79",
  "balance": "66000.000000000"
}
{
  "pk": "B62qqgYMM8KNk2NBtkeHyPpSQtXwzcds9XiJWW69r5nVYsHMbFgLAKS",
  "balance": "66000.000000000"
}
{
  "pk": "B62qkqTxCa7MHQHH5bsmDXWh9CsfwLZtUZewTtaY6D5aghHAPpZG74T",
  "balance": "66000.000000000"
}
{
  "pk": "B62qnyzmKuFMQvEcazqza8SsdspaFNZowbGEpwD152BkJ5W2ULajnKC",
  "balance": "66000.000000000"
}
{
  "pk": "B62qnMbQbex7o9hihkXTCvAizcufTRgqB9Fcang1e9TG3oT3taPzNrx",
  "balance": "66000.000000000"
}
{
  "pk": "B62qn3XLNuQnTWNE1Ge3uz1HurfgwQModtLFEmnwMouh4GpUFrDBfho",
  "balance": "66000.000000000"
}
{
  "pk": "B62qkK7Sbeo3Qa74nNSEYx41qrNX9vbcZca3pydDgRQQpJhCj1KH841",
  "balance": "66000.000000000"
}
{
  "pk": "B62qo2ThJYNRiqnZA2nzsYQK6ncE2t7ETmvYz9eaSKDp47kqXx11C5h",
  "balance": "66000.000000000"
}
{
  "pk": "B62qkiTxfH2uixDJjq6XZVhRX7ypGxqouBZYJXBJQeTPsLni7kYK5dj",
  "balance": "66000.000000000"
}
{
  "pk": "B62qiunGpviGctmYaGXStrtMx6Lb4qj75KPi7TYLJWCbvfGVTYtZhxq",
  "balance": "66000.000000000"
}
{
  "pk": "B62qrekFDnahnkKLQL7MJdkahYPqAEhRcXmp7F8wAbv4kAAFNznV7iH",
  "balance": "66000.000000000"
}
{
  "pk": "B62qoGpaVYmDcRzjdfgeMwrgGX4LnRXS2ri8LY8f8YDLgAL75uVcyYi",
  "balance": "66000.000000000"
}
{
  "pk": "B62qkiBJkCwVGTJVpYNGFj514V5vgjP99B9tAuWucPCcRXttsDxQny8",
  "balance": "66000.000000000"
}
{
  "pk": "B62qk9M6wCmqPENfoWVN6jVXtvjHNmnoiFtN6NvYK2qLVWFYCQwZWgp",
  "balance": "66000.000000000"
}
{
  "pk": "B62qkLZbmLJk8oN1t3nykf8KrcHzbfBcuKwtAQw7Sr9FEDS6pNyPQec",
  "balance": "66000.000000000"
}
{
  "pk": "B62qjFgasfT7pYrRJA2DEfm8EJ4B6izoUxCisScM6wZnVmSieKx53AP",
  "balance": "66000.000000000"
}
{
  "pk": "B62qkhJajXoqDk7QuS6mfYiK3z9hDrRFiYVFsS3EjUezxcHMqeXtVcJ",
  "balance": "66000.000000000"
}
{
  "pk": "B62qpUCAhAmPTCZLo8MxZoD4Hg2AB6bYFA1pPpRPe91tPshuPyY9HA4",
  "balance": "66000.000000000"
}
{
  "pk": "B62qov3n35m1rfxYQ58xGrHwi88dKeF2v1oLhqUULD56rxXai9S8PPX",
  "balance": "66000.000000000"
}
{
  "pk": "B62qkBxFCfUcoVXahMDFRk4g5UCSYa6CuJUPKKiDbyZCE9StfNqR2zk",
  "balance": "66000.000000000"
}
{
  "pk": "B62qiyDD5ZXYfQjZcc2QfCcqMTs63Yx4epTa4msEnBH6S39gWeAjpjt",
  "balance": "66000.000000000"
}
{
  "pk": "B62qjaKaaMg8Ac6Ln65UAnY52tXUvTcGrfuWcajWtDkHCXKkSqZwYrH",
  "balance": "66000.000000000"
}
{
  "pk": "B62qpkfWG86K5KqhbtxiqM85shgq4JJDpAZ8jTQmZiRrRR18dYDKNCr",
  "balance": "66000.000000000"
}
{
  "pk": "B62qjSa2t91YcWA7jX6p7AvoSyzeVx9iDujwSR1VW9ixCcX9F7PUX6z",
  "balance": "66000.000000000"
}
{
  "pk": "B62qpePmm2ocM5RxawmFpyF9QE6LiWwtgUTU2xsFVtCMEGn2yU28G49",
  "balance": "66000.000000000"
}
{
  "pk": "B62qnqfakbk9EubdN1VUTKogH18fMMJAfan3z5ZDoK1G6vqbSyTYpKY",
  "balance": "66000.000000000"
}
{
  "pk": "B62qrvL49TW4hEhd75MNJ7i2f4BPqDF6SmUtD61Eo85gh2v7tm3tc4h",
  "balance": "66000.000000000"
}
{
  "pk": "B62qobsKHy3Yg8ngr1sbnqYmZ8Bj3vxzCeSroQfBLAoT4XTp19yQcRb",
  "balance": "66000.000000000"
}
{
  "pk": "B62qp5E5QMFNWUA83J94kKKTCLyjKBSyKfeQzFvFjeJ64zMMorK9N1H",
  "balance": "66000.000000000"
}
{
  "pk": "B62qjGAwNHLPtXctoLSdRddhUiKF3UwAxZqWpV3BE7mF4SQ3oFxHJ2q",
  "balance": "66000.000000000"
}
{
  "pk": "B62qk4BTYEsgviFYZ41TGBcj7cYeAcpNDqcwSHToccdZtvXch4BijZU",
  "balance": "66000.000000000"
}
{
  "pk": "B62qkj3CCj2V3pBPPufCuWSkoP2RwjAZkgPZfLKFUae3hPoBEhRtmyo",
  "balance": "66000.000000000"
}
{
  "pk": "B62qjmmwdfCtakNT9a5ouy7f9CtV5HKocfzg9pymDBstdePcLEqwkB4",
  "balance": "66000.000000000"
}
{
  "pk": "B62qozn5sFTfdzSHeNBzKiH6VUrnDkKNav8hJDXx29YWnVzgyniLpEQ",
  "balance": "66000.000000000"
}
{
  "pk": "B62qnktQz7hXxvp3DUpSF1sD9PDoiqHSRXcww3f6Pk7oT5TRwEmNXEp",
  "balance": "66000.000000000"
}
{
  "pk": "B62qrUZCvBiaGi8BWVS7zGxf9mPUxkL2DVh8foPSzhcexUk1U6UtALU",
  "balance": "66000.000000000"
}
{
  "pk": "B62qmvMAqGzGGmS2Z19gR4quAhSo9bhEUedtTYKhDrqzZmEcc5dUXrK",
  "balance": "66000.000000000"
}
{
  "pk": "B62qnw11ZVX7yXbhxTX3VDBtGLLuiL9nbbN4iavBE2GLPtAYQbt6Dbq",
  "balance": "66000.000000000"
}
{
  "pk": "B62qmSFE8Uyw6fxmcGdwqTZjGw2p2yqKdEXycWaFjeBkAMyRw4WqYGQ",
  "balance": "66000.000000000"
}
{
  "pk": "B62qqzvmdjSk8YUKgRyyTnQrV5J63v6arGAGCqfSsbc88gH7U63sgPH",
  "balance": "66000.000000000"
}
{
  "pk": "B62qiVmavQkam3FLFnSp5M7SLcWMa6QFRNZSnh2EjdUZr2RzkUpptNr",
  "balance": "66000.000000000"
}
{
  "pk": "B62qjsysUsPviiSsTaqURBbMsvJCL7n75SHDgjcePwC9jc1nMWfwPtY",
  "balance": "66000.000000000"
}
{
  "pk": "B62qkqWjAy79d5fpckgXy35ayUZiJMkJ8F2E26EB7Q9rBs4KMQRMPuK",
  "balance": "66000.000000000"
}
{
  "pk": "B62qm8ZpCjyiX2gXSu6hXecpjjxZPjjp3hDWMM3SKqFRHfcjQtgnJbH",
  "balance": "66000.000000000"
}
{
  "pk": "B62qn6ACYgAnMoHmS5RNXSqisKzRirXKPwcQcLQ4uTdsHsuzxDwxdJp",
  "balance": "66000.000000000"
}
{
  "pk": "B62qnuLWaKVk6AWTXz8pLJxJh7WjzGFwvPPkVDt14inqFH6BiVDYDro",
  "balance": "66000.000000000"
}
{
  "pk": "B62qrafL1VZ8WUcQGY7oj9RDq8sJesNNcAVvaeCfxdnuoXnDhTEe69g",
  "balance": "66000.000000000"
}
{
  "pk": "B62qnNGDtWVvtUmxZv8nJkCnrc1b7EgiS587g2yfEYnMVjzmACqdJ3X",
  "balance": "66000.000000000"
}
{
  "pk": "B62qpQHKBD51YWZ1C4VQ4Xu7WibLBieQfnoN3ntFdZbdenfGy32RcBz",
  "balance": "66000.000000000"
}
{
  "pk": "B62qp88E4tUnS39CE1YxNhwyrhzWmBnubEuTte91S45MmzsDTzNXHFv",
  "balance": "66000.000000000"
}
{
  "pk": "B62qrjcSSAhtq8mHzSGdCRJBDYMEWzpwfX6ia9y8PPfkYemmsnuHrhJ",
  "balance": "66000.000000000"
}
{
  "pk": "B62qqrqrG8CG7fwioKxo2jJEJwkjgrgue9NoBFgYzZqbztp5UsqdnmA",
  "balance": "66000.000000000"
}
{
  "pk": "B62qmaAaLJXdZqrogXBoVVu9hZEmzBibfwSgB4xZHDYWRs1hy9CZEvF",
  "balance": "66000.000000000"
}
{
  "pk": "B62qoLsXamrQw4zj879LaJREQrV7zHWtJAV1HcUTkM2EiUuFz9waDB3",
  "balance": "66000.000000000"
}
{
  "pk": "B62qn5suLDi1qHpbd5woe71RftgAgPvZCCnbLeu6dSpfYUM4n2oZVJE",
  "balance": "66000.000000000"
}
{
  "pk": "B62qpeyiX4Htj81vr4h8estg5JpYG66xWfDf8oKb2r9Sm4xjJH63jQG",
  "balance": "66000.000000000"
}
{
  "pk": "B62qiqVhJDhSwE1ob488sbp2E1JCvkaEj1mNg54JxQxF12EvWFNMHDo",
  "balance": "66000.000000000"
}
{
  "pk": "B62qp2azuYrfxMgWTjPnUBFtaGWNsTsqgL53HyAvFxeYqUuLN2xtPwY",
  "balance": "66000.000000000"
}
{
  "pk": "B62qq3qKdJmf5L5n8Nk8YwYgRKXcAZxowyigDbDWcmezdfq94AmzrtH",
  "balance": "66000.000000000"
}
{
  "pk": "B62qiduHsJtsLKGKPWsj1SA4PRcWrq58cpQMPkmjrKatuaSuVsMtBvJ",
  "balance": "66000.000000000"
}
{
  "pk": "B62qqy7WJ4cx6WSHRFvF8SHkm7uowhthz2QHdMgqREvEFrfZnThP9gV",
  "balance": "66000.000000000"
}
{
  "pk": "B62qjVvU61vTVciyrQPSne4XeEsHEC1MaW115UpR4PSbnSHzqaJcxMy",
  "balance": "66000.000000000"
}
{
  "pk": "B62qrQfaEBNPWQM2o4G4JurAgotXy62yafEhCdQxPp1p4iYRE8oxsUk",
  "balance": "66000.000000000"
}
{
  "pk": "B62qqxXQY95frBQg7bEnq11oNEtw929SjWQLGmVm7ptLszvpPfth8HA",
  "balance": "66000.000000000"
}
{
  "pk": "B62qkKKiC3bRFpJ9tZVjtmRqpKHmkExo7QH7Y4HB9eCiZtTtBRGoFp2",
  "balance": "66000.000000000"
}
{
  "pk": "B62qje4UXzxbk4CPAA53ZFvKmm3LQogQaMjAi2k3WB2YwDkMcuvhaPQ",
  "balance": "66000.000000000"
}
{
  "pk": "B62qnFKLqyUuAiEKG8A5PM6rLkyi3YABeTfG9zKQ6sMGcxffH2N6Uwn",
  "balance": "66000.000000000"
}
{
  "pk": "B62qoUo5G9sCvv7todZDNpXtVc8DqFUMqVQFTGW1kXhd5cRHbgUxsRH",
  "balance": "66000.000000000"
}
{
  "pk": "B62qnKocipg6c3ecDJWk1DDckgqzu2okPqi5gf2LSawyFMcJegw21Zg",
  "balance": "66000.000000000"
}
{
  "pk": "B62qngj3cuEUyuf672iP4xy6RXiPp773kjqWxtLFt6Q2ejLPhLugbmk",
  "balance": "66000.000000000"
}
{
  "pk": "B62qkdPoxvkM24txFv5wrfEitiywhjYfoUsQDM3Z8GgQW9NbdPbFy9C",
  "balance": "66000.000000000"
}
{
  "pk": "B62qrXzzXHdub6QbKgowWNv2fxHfv93Gj5LxchT5AvkgNMdD2FL9wFD",
  "balance": "66000.000000000"
}
{
  "pk": "B62qqnkrnGE2vmsvLvxAg78qfDhrWaWZLVT2KcrY5cJiu8WLQeq3kZy",
  "balance": "66000.000000000"
}
{
  "pk": "B62qkV4zh34mvovyJ5bRRMEuEaFVGCTqB26M4ecYYRd2B99m38daw1Y",
  "balance": "66000.000000000"
}
{
  "pk": "B62qkipJTYu3Qsyj6X3sV1DKVQrwDYmCCnxXZ945cP6hRHLPYLZ5Bnx",
  "balance": "66000.000000000"
}
{
  "pk": "B62qpzNnZ9pS43rPnWiJqaiY1hr2vxL26fgiAqqZMtN4EQq6kKTK5mB",
  "balance": "66000.000000000"
}
{
  "pk": "B62qn3rYCEMRHsvjdc8N189tp4gWcWYP6ki5h2XBgiZJCkMLzgjwS4Q",
  "balance": "66000.000000000"
}
{
  "pk": "B62qmsr5HWxsW6ZFKAtiPnxEueYAwyyE8uAxbWZKoJBt7ue5Y1SHSC7",
  "balance": "66000.000000000"
}
{
  "pk": "B62qp3w1tq1JRuzZ2Cr7pf3H4KZX4QrdLxE7jYmF8QRWKx7rEgqoeon",
  "balance": "66000.000000000"
}
{
  "pk": "B62qj6XRkkE6jAScr2ixJuzpe2doWFKvENYQnD1dkZKr7HGb71CxXGm",
  "balance": "66000.000000000"
}
{
  "pk": "B62qiuh56u3GrcxEcyjd7T1NDM5QbideuweMae8STk37LPpY8JnsiCt",
  "balance": "66000.000000000"
}
{
  "pk": "B62qjxLE47dF1CQMn8uLQgQy5Dj14nGtDGX2hZny5uBsGeURocMZPsK",
  "balance": "66000.000000000"
}
{
  "pk": "B62qmZcuh5yfCQ52ipqQTgZof22qrdYtNx8zaWJBW2sSBKitWqeKPvG",
  "balance": "66000.000000000"
}
{
  "pk": "B62qjpk7zToWqaXe1w5beTqfoCbGVvTaqZy9DCad31bwdVH3QD2nvLb",
  "balance": "66000.000000000"
}
{
  "pk": "B62qoEFGyvXgU35EQaT1LdrgrJt7XdjM3NnL4PQLsR76bsSBQZM8T76",
  "balance": "66000.000000000"
}
{
  "pk": "B62qrhFEoc2SYvQvyiVbpzW18ZKERRxLbEoKEQTYqusDzPHjxbmzNYo",
  "balance": "66000.000000000"
}
{
  "pk": "B62qq6RqBPzggMJP48CGTzZuJYm82RnFsZkJLEqGrMYyMydoU6Ju7wg",
  "balance": "66000.000000000"
}
{
  "pk": "B62qpef4kxroUGrF6pKrGKMwVJt8WdqUdDu2sHeYdEiGiFjr7DyVHUk",
  "balance": "66000.000000000"
}
{
  "pk": "B62qocCZYRNPr2J5tEsfNixQtXk9STn8HNVQRK2D7onqLfNQv9sE3mh",
  "balance": "66000.000000000"
}
{
  "pk": "B62qqy7bZcwG5hGVKoSHor4z5p5oGe5LBfxup3ed4Jv3pB2NMdKpQwW",
  "balance": "66000.000000000"
}
{
  "pk": "B62qqbLohQD4Mpk6sP7mEu6XhAPS9gvNgcWDAtpyMz3K4S54Z9LVLDQ",
  "balance": "66000.000000000"
}
